﻿{
  "tracker_default": {
    "type": "container",
    "background": "#000000",
    "content": {
      "type": "dock",
      "dropshadow": true,
      "content": [
        {
          "type": "dock",
          "dock": "left",
          "v_alignment": "stretch",
          "content": [
            {
              "type": "group",
              "header": "Items",
              "dock": "top",
              "content": {
                "type": "layout",
                "key": "shared_item_grid"
              }
            }
          ]
        },
        {
          "type": "tabbed",
          "tabs": [
            {
              "title": "CVSTODIA",
              "content": {
                "type": "map",
                "maps": [
                  "full"
                ]
              }
            },
            {
              "title": "Brotherhood of the Silent Sorrow",
              "content": {
                "type": "map",
                "maps": [
                  "brotherhood"
                ]
              }
            },
            {
              "title": "Jondo",
              "content": {
                "type": "map",
                "maps": [
                  "jondo"
                ]
              }
            }
          ]
        }
      ]
    }
  },
  "tracker_horizontal": {
    "type": "container",
    "background": "#000000",
    "content": {
      "type": "dock",
      "dropshadow": true,
      "content": [
        {
          "type": "dock",
          "dock": "bottom",
          "content": [
            {
              "type": "group",
              "header": "Items",
              "dock": "left",
              "margin": "0,0,3,0",
              "content": {
                "type": "layout",
                "h_alignment": "center",
                "v_alignment": "center",
                "key": "shared_item_grid"
              }
            }            
          ]
        },
        {
          "type": "tabbed",
          "tabs": [
            {
              "title": "CVSTODIA",
              "content": {
                "type": "map",
                "maps": [
                  "full"
                ]
              }
            },
            {
              "title": "Convent of Our Lady of the Charred Visage",
              "content": {
                "type": "map",
                "maps": [
                  "convent"
                ]
              }
            },
            {
              "title": "Graveyard of the Peaks",
              "content": {
                "type": "map",
                "maps": [
                  "graveyard"
                ]
              }
            },
            {
              "title": "Where Olive Trees Wither",
              "content": {
                "type": "map",
                "maps": [
                  "wither"
                ]
              }
            },
            {
              "title": "Wall of the Holy Prohibitions",
              "content": {
                "type": "map",
                "maps": [
                  "prison"
                ]
              }
            },
            {
              "title": "Archcathedral Rooftops",
              "content": {
                "type": "map",
                "maps": [
                  "rooftops"
                ]
              }
            },
            {
              "title": "Brotherhood of the Silent Sorrow",
              "content": {
                "type": "map",
                "maps": [
                  "brotherhood"
                ]
              }
            },
            {
              "title": "The Holy Line",
              "content": {
                "type": "map",
                "maps": [
                  "holy_line"
                ]
              }
            },
            {
              "title": "Albero",
              "content": {
                "type": "map",
                "maps": [
                  "albero"
                ]
              }
            },
            {
              "title": "Wasteland of the Burned Churches",
              "content": {
                "type": "map",
                "maps": [
                  "wasteland"
                ]
              }
            },
          
            {
              "title": "Mercy Dreams",
              "content": {
                "type": "map",
                "maps": [
                  "mercy"
                ]
              }
            },
            {
              "title": "The Sleeping Canvases",
              "content": {
                "type": "map",
                "maps": [
                  "canvas"
                ]
              }
            },
            {
              "title": "Library of the Negated Words",
              "content": {
                "type": "map",
                "maps": [
                  "library"
                ]
              }
            },
            {
              "title": "Bridge of the Three Calvaries/Ferrous Tree",
              "content": {
                "type": "map",
                "maps": [
                  "bridge"
                ]
              }
            },
            {
              "title": "Patio of the Silent Steps",
              "content": {
                "type": "map",
                "maps": [
                  "patio"
                ]
              }
            },
            {
              "title": "Mother of Mothers",
              "content": {
                "type": "map",
                "maps": [
                  "mother"
                ]
              }
            },
            
            {
              "title": "Mountains of the Endless Dusk",
              "content": {
                "type": "map",
                "maps": [
                  "mountains"
                ]
              }
            },
            {
              "title": "Jondo",
              "content": {
                "type": "map",
                "maps": [
                  "jondo"
                ]
              }
            },
            {
              "title": "Desecrated Cistern / Echoes of Salt",
              "content": {
                "type": "map",
                "maps": [
                  "cistern"
                ]
              }
            },
            {
              "title": "Mourning and Havoc",
              "content": {
                "type": "map",
                "maps": [
                  "mourning"
                ]
              }
            },
            {
              "title": "Grievance Ascends",
              "content": {
                "type": "map",
                "maps": [
                  "grievance"
                ]
              }
            }
            
            
            
          ]
        }
      ]
    }
  }
}